supplier_id,supplier_name,contact_name,email,phone,city,state
1,Andrews Ltd,Charles Pacheco,fruiz@miller-walker.com,+1-544-602-8498x4893,East Thomas,IA
2,Moore-Lewis,Rachel Davis,nguyenjohn@thompson.info,+1-249-403-4985,Osborneburgh,MS
3,Lewis-Griffin,Tabitha Washington,trevor48@howard.info,831.463.2681x2627,Josephstad,TX
4,Solis-Kelly,Cassidy Davis,steve94@perry-robinson.com,520-450-0693x125,Williamberg,RI
5,Bradley-Garcia,Mathew Mitchell,michele72@larsen.com,5528030489,Colemanmouth,OK
6,Fleming LLC,Evelyn Alvarez,jsmith@ford.com,634-736-8827,Hendersontown,NH
7,Taylor LLC,Jill Harrington,xstephens@martin-berry.com,+1-431-934-8522x1632,Markburgh,TN
8,Baker Inc,Richard Johnson,spencebenjamin@gay.org,607-555-4207,Jenkinsshire,PW
9,Burgess-Cortez,Angela Holland,qhartman@thompson.com,(456)889-8405x434,Lake Eric,OR
10,Pace-Bruce,John Vasquez,cdavis@williamson.net,816.303.7837,West Rebecca,ND
11,"Sanchez, Petersen and Baker",Thomas Jackson,sandragomez@olsen-george.com,608.918.3902x9448,Melissaside,NH
12,Michael Ltd,Sharon Williams,mccartyjennifer@smith.com,506.308.3439,Nicoletown,NH
13,Gates PLC,Olivia Wilson,higginsshirley@moore-herrera.com,001-317-433-3576x2266,Williamsside,VT
14,Butler Inc,Mark Fields,tylerharrington@thomas-rivera.com,(372)842-3224,Allenberg,WA
15,Ross-Lara,Dale Riley,lhayes@barrett.info,001-660-468-8535x27510,Nicolemouth,TN
16,"Tran, Velazquez and Martin",Dawn Santiago,martinezveronica@chavez.com,+1-547-504-2556,New Timothyhaven,OH
17,Johnson PLC,Melinda Zamora,jacksonsamantha@clark-russell.net,+1-303-710-2438x052,Port Glennton,SC
18,"Harris, Myers and Carlson",Darrell Leonard,jbyrd@hill.info,(312)363-2440,Port Brian,NC
19,Pierce PLC,Jeffrey Davies,kallen@barr.com,342-506-1588x10326,Brandonport,GU
20,Hill-Mills,Allison Vazquez,evanstara@adams.com,416.205.2157x238,Boydhaven,AL
21,Bell and Sons,Ashley Oconnor,prattjon@mcdowell.org,306.916.4156,Robertsshire,NY
22,Thomas-Johnson,Tracy Villanueva,yramirez@bailey-rosario.com,339.975.3967x0895,Huntermouth,CO
23,Williams Group,Cindy Hanson,rvasquez@cox.net,001-443-951-2207x21465,South Jasonside,CT
24,"Fritz, Ellison and Thompson",Vicki Baker,browndawn@adams.com,599.739.4640,Christopherland,PA
25,Scott Ltd,Lisa Vasquez,michaelmcguire@phillips-jenkins.info,697-820-6921,Justinville,NE
26,"Malone, Hawkins and Short",Brandon Smith,elainegarrett@poole.net,+1-504-444-4997x665,North Bradley,AS
27,Myers Inc,Casey Anderson MD,ukim@moran.org,+1-461-567-5500x35539,New John,GU
28,Cooper-Parker,Tammy Montoya,linda05@brown.net,8507237856,South Kevin,VT
29,"Holmes, Newman and Fernandez",Catherine Robles PhD,sharon52@williams.com,839-331-1760x985,Chadshire,PW
30,"Rodriguez, Drake and Scott",Jonathan Rodriguez,linda84@burton.com,(541)899-7982x977,Stewartberg,FM
31,Mendez and Sons,Andrew Santos,jeffrey24@jarvis.com,(526)494-0130x94009,Teresaport,MT
32,Ayala and Sons,Colleen Brooks,doriscurtis@anderson.com,+1-659-441-7682x31962,Meghanhaven,MD
33,Joseph-Baker,Pamela Alexander,martinezthomas@jacobs.com,7217541697,Port Melissamouth,VI
34,Schultz-Reed,Christopher Robinson,wlewis@morales.net,443.244.6463x9693,East Wendy,AK
35,Gutierrez-Santos,Andrew Nguyen,sandra27@taylor.com,001-329-266-4630,Carolynchester,VT
36,Morgan-Yates,Jessica Warren,wanda42@edwards.com,604.617.0408x2959,Lake Matthewmouth,AK
37,Crosby PLC,Sherry Martinez,kjohnson@davis.com,687.826.0225,East Timothystad,CO
38,Walker-Green,Kenneth Sanford,christopher57@reed.net,9733985385,Chrisfort,FL
39,Castillo-Zhang,John Jones,erin79@lee.biz,979-360-7812,Wattsmouth,MT
40,Johnson-Lee,Jessica Miller,aallen@guzman-cox.com,540.867.8632x954,East Danielle,MP
41,Morgan Ltd,Alexander Michael,speters@cherry.info,+1-683-215-1259x3032,Kristiton,PA
42,Kennedy Inc,Clinton Rowland,albertgregory@gonzalez.com,001-411-577-5948x6474,Lynchshire,HI
43,"Morris, Martin and Tucker",David Kline,obailey@edwards.net,594-585-1713x814,Thompsonstad,MO
44,"Caldwell, Barrett and Douglas",Ana Mejia,markprice@vasquez.com,(403)767-6131,South Cherylbury,NY
45,"Castillo, Hurst and Walton",Anthony Callahan,wcamacho@smith.com,(699)986-0038x3433,Julieview,UT
46,White-Vaughn,Stacie Johnson,nealcynthia@fitzpatrick.com,+1-679-685-3794x079,New Danieltown,MI
47,Taylor-Baxter,Richard Savage,mcdonaldmatthew@phillips.info,222-881-9543,Meyersfort,AL
48,Cohen-Hoover,Lisa Smith,tarahinton@lynn.biz,+1-769-293-8979x1443,Danielleland,VI
49,Lewis-May,David Potts,gparker@martinez.org,001-951-848-3903x4514,West Daniel,RI
50,Carter Group,Leah Gordon,schwartznathan@johnson.info,(370)329-9010x26473,Williamsport,FL
51,"Krueger, Powell and Bauer",David Anderson,ytucker@gibson.biz,972.248.3799,Smithstad,NH
52,"Hanson, Fox and Lopez",Brenda Ingram,iwade@frost-dyer.info,899.678.1162,Hallview,HI
53,"Ellis, Bailey and Howe",Mitchell Obrien,troberts@rhodes.info,406-214-0354,Port Davidbury,PA
54,"Ewing, Rocha and Watts",David Hall,alee@owens.com,634-415-9557x86179,Ericshire,GA
55,Randolph Ltd,Stephanie Mcmahon,lancehorn@jackson.com,+1-561-751-9761x299,Chrisview,AR
56,Church-Miller,Jessica Cruz,lisa89@wilson.org,+1-968-916-3140x3888,South Michaelburgh,WY
57,Thompson-Hogan,Christopher Lane,rachelmartin@burns.info,(753)202-3328x274,Codybury,OR
58,"Johnson, Winters and Jones",Kimberly Roach,gtownsend@king.com,840.210.8862x662,Mcdowellburgh,IN
59,Ibarra-Medina,James Becker,ericcharles@green.com,686-262-1038,Smithbury,MD
60,"Warren, Harris and Smith",Michele Roberts,yarias@villarreal.com,+1-373-466-1590x0836,Melanieborough,SD
61,Perry LLC,Jacob Tran,tmiller@scott.com,001-275-825-7928,Carterburgh,TX
62,Cortez-Lee,Ashley Rodriguez,jarvisrichard@horton.com,291.417.5388x4949,Thomasport,DC
63,Butler PLC,Mrs. Nicole Moss MD,kylejohnson@hill.com,001-965-314-7542x99842,Kaylaville,SD
64,Byrd Ltd,Briana Thompson,mark73@davidson.biz,+1-893-567-2687,Craighaven,GU
65,"Dixon, Jones and Russo",Alexis Snyder,turnerfrank@johnson-velazquez.com,(415)949-0065,Taylorton,MN
66,Cooper Ltd,Megan Harmon,rmueller@fleming.com,001-651-361-5371x2921,Cunninghamport,DC
67,Potter-Moody,Jennifer Webster,joshua90@davis.org,001-948-810-6562,Maciasport,DE
68,Mckinney Ltd,Anita Hudson,richard39@anderson.com,001-946-978-8968,South David,MN
69,Osborn-Smith,Jessica Ford,sandersdarryl@walker.net,356.650.1594,Barnesville,PA
70,Kelley Group,Antonio Sosa PhD,dvaughn@hughes-kemp.com,+1-266-674-5413x00737,Emilyburgh,ND
71,"Baldwin, Lester and Thompson",Gary Williams,arellanobrenda@murphy.com,950-770-7609x7225,South Brianmouth,OR
72,Delgado Ltd,Anna Pitts,bharris@cooper.com,9443960458,Port Matthew,MN
73,Olson-Brown,Teresa Atkins,sgarcia@wallace.biz,535-682-7230,Brookeville,NE
74,Buckley-Black,Kyle Walker,ashley76@olsen.com,780-622-6465,Lake Markmouth,NH
75,Anderson LLC,Meghan Mclaughlin,freynolds@watson.com,660-810-9673,Boydberg,VT
76,Newton-Ward,James Scott,dukejames@munoz-ruiz.com,+1-522-594-2068x477,West Terrencestad,IA
77,"Dunlap, Morris and Powers",Lisa Stephens,abigailboyd@roach-mcmillan.com,588-688-6639x87814,Port Lisa,TX
78,Miller-Carter,Karen Miller,gregorylauren@walker.info,+1-949-803-0387x824,Cameronton,PW
79,Logan-Fitzgerald,Heather Bradshaw,donaldleon@kaiser-wilcox.com,001-389-259-6307x803,Port Tanya,PR
80,Mann PLC,Amy Acosta,lopezmatthew@perez.info,3885998089,Reynoldsport,CA
81,Brown-Rodriguez,Eric Brock,tanner63@frederick.biz,(405)777-2654,Turnerfurt,WI
82,Taylor-Dawson,Michael Rodriguez,bkirk@harris.biz,(761)375-2604,Yoderstad,MS
83,"Larsen, Matthews and Matthews",Scott Carter,pnguyen@taylor.com,(539)255-4912,New Cody,NM
84,Brown-Willis,Kimberly Thompson,johnstonjuan@coleman.com,(917)413-2842x97738,West Curtisside,NV
85,Mclaughlin Group,Kenneth Roberts,nicholasmartin@wells-myers.net,+1-628-910-9847x369,Mirandamouth,NE
86,"Rowe, Johnson and Turner",Steven Peterson,justin60@hansen.com,+1-906-841-4421x6774,Marystad,DE
87,Marshall Ltd,Elizabeth Bond,mwhite@rodgers.com,8092957951,North Davidmouth,SD
88,Whitney LLC,Ashley Blair,rodriguezlinda@houston.info,+1-275-431-6507,Hernandezmouth,NH
89,Porter-Gilbert,Michelle Gill,ltaylor@ryan.biz,001-688-430-7658x08023,New Jasonfort,MI
90,"Ford, Anderson and Parrish",Aaron Graham,donnahouston@lopez-campbell.com,696-699-4097,Ramirezton,MO
91,"Payne, Oconnell and Brown",Laura Morgan,taraharmon@taylor.info,+1-234-391-7199x45221,Juliehaven,RI
92,Bell Ltd,Allison Robbins,cjackson@carlson-bowman.com,+1-965-282-0356,Aguilarfurt,TX
93,Martin LLC,Rachel Thomas,michael11@malone.net,+1-458-491-0385,East Jonathanside,MP
94,Jennings PLC,Kathryn Davis,traceyelliott@pope.com,+1-815-682-2561x6739,Port Dylantown,WV
95,"Pruitt, Wilson and Aguilar",Andre Wells,marshallhannah@harmon.net,461.492.6721,Watersburgh,TX
96,Alvarado PLC,Spencer Schmitt,michaelmedina@perkins-harrison.com,(610)939-8016x8115,Liuview,MP
97,"Smith, Middleton and Greer",Tyler Hernandez,eharris@martinez.com,001-519-608-6498x99772,Port Mikeview,VI
98,Cox-Ortiz,John Hensley,aaronkelly@merritt.biz,(452)945-4156,Virginiaton,NV
99,Wilson-Zuniga,Diane Cisneros,sawyercheryl@curtis.com,545.443.0312,Morsemouth,GU
100,Ashley-Campbell,Michele Andrews,terri71@wang.com,220.564.7974,Port Davidstad,MT
101,"Robinson, Burns and Thomas",Jerome Abbott,wchristensen@jones-duarte.com,887-834-5921x73034,Kimville,WY
102,"Martinez, Norris and Smith",Joseph Williams,jennifer66@gibson.com,+1-257-454-7546x87743,Lake David,FM
103,Davis PLC,Timothy Booth,daniellelarson@sullivan.com,230.484.9879x1147,Dawsonmouth,LA
104,Campbell-Morris,John Perez,allenalexander@lopez.biz,778.470.4046,Lake Joanna,WI
105,Bell Inc,Carlos Burns,hamiltonleah@smith.org,+1-229-319-5386,Huntborough,AK
106,Dixon-Hubbard,Stephen Medina,camposdenise@clark.com,001-461-847-8634x78596,New Lisamouth,FM
107,Cameron-Wood,Michael Grimes,davisdavid@hernandez.biz,2629163328,Brettshire,NH
108,"Davis, Hernandez and Osborn",Joanne Bates,yolanda40@nguyen.com,431-922-9545x5948,Port Rebecca,MO
109,Sparks and Sons,Anthony Todd,millerlaura@lopez.com,+1-790-911-2653x840,Lake Marioburgh,VI
110,Wilson-Bennett,Michael White,carol18@beasley.biz,367.668.5757,Steveside,NE
111,Malone Group,Julia Hartman,melissalee@odom.com,287.453.1110x3820,Duranborough,MN
112,Perkins-Le,Edwin Diaz,josephjordan@riley-nelson.info,(676)930-0373x2914,South Veronicamouth,MH
113,Weber-Smith,Kenneth Diaz,tyler88@hall-edwards.net,367.731.3982x431,South Keith,SC
114,"Lawrence, Brown and Owens",Jasmine Nelson,kjohnson@miller.net,+1-630-909-8053x8587,North Jonathanview,SD
115,Myers Ltd,Dr. Jessica Fitzgerald DVM,olsonjonathan@cooper.com,001-517-462-7333x003,New Erica,CA
116,Adams-Fuller,Melissa Smith,beth43@myers-waters.biz,4882949511,Waltonside,DC
117,Booth-Mitchell,Debbie Nguyen,fosterjames@bowman.com,(613)823-7999,Nashview,WV
118,"Wiley, Moore and Pierce",Michele Tucker,llong@collins.com,+1-225-716-5374x9669,South Jessicahaven,ID
119,Thomas and Sons,Virginia Gonzalez,kaitlingonzales@donaldson.com,270-415-1900x822,New Beckychester,MD
120,Jacobs Inc,Jason Beck,brittneygarza@hunt.com,618.520.7157,East Michaelburgh,TX
121,Carroll LLC,Ashley Boyd,jesse00@morrow.com,654-666-9028,Lake Karenside,PW
122,Torres-Moore,Emily Carr,tking@wilson.com,001-356-671-4421x1841,Reillyberg,MN
123,Gonzalez Ltd,Gilbert Kane,ktrevino@hunter.com,001-460-812-9622x464,Lopezmouth,SD
124,Bradley LLC,Deborah Campbell,larry43@harper.com,+1-937-846-7127x4826,Lake Tamara,MH
125,Anderson Group,Micheal Williamson,znavarro@sutton.com,+1-388-328-9681x077,North Kennethview,ND
126,"Steele, Goodwin and Kelly",Victoria Hernandez,sue58@lewis.info,8048877941,New Angelamouth,MD
127,"Johnson, Dean and Buchanan",Victor Yu,susan35@hawkins-miller.biz,912-747-9214,New Stephanie,NJ
128,Greene Inc,Emily Weber,josephbrady@hartman.com,(467)745-9428x34726,Lake Brian,WV
129,Smith-Thomas,Mr. Steven Marks,shane28@brown.com,(673)664-3579,Perkinsfurt,ID
130,Jordan-Coffey,Sarah Hudson,timschneider@russell.biz,+1-714-229-2450x37231,Port Curtisstad,NY
131,Lewis-Mccann,Brandon Weber,lrussell@perez.com,(529)289-0391,Barbarafort,DC
132,Cunningham-Bennett,Tiffany Stokes,ygallegos@nguyen.info,(629)877-0175,Durhamview,AZ
133,Gonzalez LLC,David Thomas,troy04@gutierrez.com,290-714-5630,Lake Gary,NV
134,Morales-Mullins,Michael Conrad,bcox@noble.net,(213)443-3453x628,New Michelle,IL
135,Pope-Abbott,Laura Henry,bsanchez@farmer-coleman.org,727.790.1004x97513,New Destinyland,WI
136,"Vega, Martin and Burke",Raymond Jennings,roy15@green-ayala.com,+1-995-696-1924x45437,Port Clintonport,KS
137,Saunders Ltd,Brian Sims,craigsanchez@baker.net,248.301.0647,Brianport,SD
138,Henry-Ford,Molly Taylor,amy79@potter.com,868-589-4063,Youngville,CA
139,Todd PLC,Christopher Dickerson,qturner@lopez-hobbs.com,5124350951,Pattonton,NM
140,White-Young,Johnny Guerra,whiteeileen@lawrence.info,(375)577-5352x2598,Cervantesside,MH
141,Romero-Kennedy,Norma West,henrymelissa@campbell-cooper.com,001-783-879-4826,East Franktown,WA
142,"Robinson, Walker and Simpson",Jasmin Padilla,leslie60@gardner.com,419.439.6266x1342,South Jenniferbury,MD
143,"Benitez, Downs and Lambert",William Smith,nicolemorris@monroe.com,(332)417-4494x907,South Johnny,AS
144,Jordan-Perkins,Dale West,wilsonmichael@smith.info,462.870.6264x81163,Robertview,NY
145,"Cortez, Thompson and Rivera",Edward Dalton,jordanmichelle@webb.info,804-390-2759x8119,Barkertown,HI
146,Anderson PLC,Lance Newman,francis08@ponce.net,(484)829-6418x893,North Pamelaview,AZ
147,"Mcdaniel, Gibson and Fitzgerald",Jessica Schwartz,margaretsolis@evans.com,+1-817-280-7498x45335,West Tyler,WI
148,Price Ltd,Lisa Roberts,collinsjohn@herrera.com,827-404-4351,Melissaburgh,NC
149,"Shepard, Mcmahon and Jordan",Lisa Sanchez,johngallagher@diaz.com,967.301.8559x1208,Cameronview,MD
150,"Melendez, Weaver and Villa",Richard Andrews,robert56@fletcher.com,791.996.1992x177,Tinaburgh,WA
151,"Morales, Contreras and Swanson",Melissa Pugh MD,janet01@dixon-bolton.org,520.698.1652x374,Hammondchester,AR
152,"Benson, Wong and Walker",Cathy Gallegos,david39@williams-cunningham.com,708.667.5518x71956,South Leonard,WA
153,"Frost, Bruce and Rodriguez",Seth Schaefer,carla82@benton.org,832-671-2142x6814,Kiddfort,MH
154,White LLC,Morgan Morgan,curtisfritz@kelly-may.net,4627102578,Welchview,AZ
155,"Graves, Buckley and Cruz",Mr. Omar Phillips,kmyers@rangel-mitchell.com,(969)569-8226x15643,Bryanport,WY
156,"Olson, Johnson and Graves",Jason Young,ibennett@brown.info,001-264-433-2139,Priceborough,IN
157,Johnson-Vega,Daniel Erickson,melissanelson@klein-key.com,+1-268-688-6070x528,Michaeltown,PA
158,Wu-Williams,Megan Arnold,justinwalker@richardson.com,001-962-953-1291x973,South Kevin,IA
159,White PLC,Shawn Taylor,russomary@phelps.com,+1-480-454-1236x690,Nielsenstad,NV
160,"Lee, Garcia and Barnes",Crystal Grimes,williamsjames@leonard-frey.com,001-621-656-6041x04347,East Joeburgh,OK
161,Blackburn-Mitchell,Lacey Logan,francesmcdonald@barber-thompson.com,509-487-6814,East Billy,MA
162,Reyes-Munoz,Arthur Edwards,harrelljohn@schroeder.com,+1-424-490-9734x297,Lake Kristin,WA
163,"Chen, Moore and Smith",Kimberly Williams,laurenpeterson@owens-butler.com,(716)619-9003,Andremouth,VI
164,Griffin-Garner,Victor Hughes,osullivan@allison.net,+1-838-222-9334x8784,Shawstad,GU
165,Potter PLC,Shelly Parker,williamsbarbara@serrano.org,+1-771-816-7963,Port Jacobburgh,NJ
166,Price-Robertson,Kelly Guzman,annajackson@andrews.com,001-378-204-2576x638,South Alexandrastad,RI
167,Stephens LLC,Damon Ross,davisamber@velazquez-fisher.org,+1-334-442-3260,Port Johnchester,IA
168,"Garcia, Jones and Davis",Anne Compton,stephenadams@lopez.info,(829)442-9036,West Richard,ME
169,"Myers, Bauer and Gaines",Julie Spears,mileslisa@jackson-nguyen.biz,001-991-507-8696x6047,West Elizabethmouth,LA
170,Alvarez Inc,William Warren,monicacook@robertson.biz,(503)313-4278x389,Gillland,FL
171,"Murphy, Flowers and Hansen",Anthony Hawkins,biancacoleman@moore-harris.com,(551)702-2703x63009,Richardsstad,WY
172,"Green, Holden and Hernandez",Joshua Clark,melissa74@watts-jenkins.com,585.384.7312,Port Cindy,OR
173,"Hall, Marks and Ortiz",Mark Ritter,jacobwilliamson@villanueva-wood.biz,(383)920-5809x19552,Whiteview,AL
174,"Smith, Sweeney and Powers",Tabitha Moore,benjamin36@edwards-melton.com,001-246-901-3740x83970,New Loriton,MP
175,"Williams, Hernandez and Jackson",Annette Jordan,bellgary@fowler-davis.org,001-384-610-5027x3003,Port Brandyland,IL
176,Carter Group,Jordan Stuart,josephphillips@clark-rowe.com,506.489.6724,South Haroldshire,NE
177,"Phillips, Friedman and Lane",Michael Savage,carterryan@young.info,280-711-1256x9906,Greenside,NY
178,"Murphy, Snyder and Parrish",Jorge Jones,edward99@evans-white.com,+1-604-937-9023,Lake Jennifer,VT
179,Robinson-Wilson,Jordan Walker,lharris@wilson-gordon.net,369-449-2731x19958,New Brandon,DE
180,"Russell, Moss and Burke",Tony Morris,crawfordtiffany@jennings-dawson.com,001-659-797-5696x290,Kristenchester,CO
181,"Chavez, Rice and Hart",Angela Zhang,smithwalter@villanueva.com,+1-915-526-1046x32895,Kelleyfurt,NY
182,"Cole, Hatfield and Banks",Katherine Deleon,cheyenneriddle@hawkins.info,001-530-765-6883x10777,Port Joseph,NY
183,Green-Archer,Jeffrey Choi,mooresteven@martinez.info,+1-330-485-7273x7620,Davisview,MS
184,Chavez-Mcfarland,Terri Skinner,erik85@chavez.com,471.995.4110x536,New Krystal,NV
185,Gonzalez-Huang,Douglas Huffman,thomas92@byrd-williams.com,001-758-995-5713x280,Mooremouth,PA
186,Hester-Moore,Michelle Mcmillan,john59@buckley.com,979-261-6248x00204,New Robyn,OK
187,"Hooper, Harding and Walker",Meghan Perez,wwilson@weiss.org,421.908.1973,North Peter,WY
188,"Wilson, Kim and Hernandez",Morgan Ward,lbrooks@gallegos-leon.biz,409.569.6645,Loveland,PA
189,Foster Ltd,Kaitlin Watts,wilsonjoanna@pierce.com,226-829-7222x8881,Washingtonview,AK
190,Gray-Yang,Jerry Mitchell,navarrojacob@evans.com,572-888-2455,New Jack,VT
191,Cardenas-Lee,Lucas Kennedy,william97@patterson.org,(710)498-0698x129,Port Bethshire,FL
192,Esparza Inc,Tanya Andersen,nmcguire@cook-miller.com,001-429-279-7104,North Meganstad,MO
193,"Sanchez, Mendez and Brown",Michelle Blevins,manuel67@dawson.biz,(903)925-7583,New Williamshire,AS
194,Ward-Howell,Adam Rodriguez,rpineda@smith.com,9896648267,Darrellburgh,MP
195,Richard-Parks,Sarah Zavala,millerdevon@hendricks-quinn.info,2182841209,New Angela,AK
196,Davis PLC,Timothy Holt,manuelsavage@garner-mclaughlin.info,001-290-207-2551x051,North James,AS
197,Miller LLC,Nicholas Glover,brenda60@miller.com,+1-944-975-6210,Bauermouth,AS
198,"Ruiz, Ward and Gray",Heather Brown,santiagogregory@alvarez.net,749.706.7906x3714,Leebury,MS
199,"Long, Meza and Martin",Jessica Bell,thomasgarza@davis-parsons.biz,899-514-1122,Robertstown,CT
200,Stephenson Ltd,Stephanie Smith,fcox@hughes.net,(590)404-0261x4227,South Williamhaven,IA
